"image","xmin","ymin","xmax","ymax","label"
"00005.jpg",44.038984912936975,55.525423728813564,62.46610169491526,72.61016949152543,"Light"
"00005.jpg",46.87626932435117,35.969494318558006,88.36779474807999,49.5152551683329,"Glass"
"00005.jpg",82.3576308428231,43.44407058974444,98.3440696586997,56.74576271186441,"SideGlass"
"00005.jpg",84.4627137264963,37.00678059206171,101.4254274529926,77.40000372417903,"Door"
"00005.jpg",113.47627491061971,55.40339169259799,128.97457627118644,78.95593778965838,"Wheel"
"00005.jpg",57.58474576271187,67.8508455955376,82.23559880660753,99.09153100999735,"Wheel"
"00005.jpg",10.723731606693592,35.87796796378443,33.17796610169492,48.20338983050848,"Glass"
"00003.jpg",218.5084663003178,217.49153783765888,302.5762629104873,274.9830549854343,"Light"
"00003.jpg",239.66101694915253,114.44069038003177,418.6440677966101,187.6610293630826,"Glass"
"00003.jpg",399.6610169491525,158.91525009931144,459.86439850370755,196.33898718882415,"SideGlass"
"00003.jpg",404.5423811573093,117.15255478681144,490.7796775688559,300.4745845471398,"Door"
"00003.jpg",286.8474824549788,257.62711864406776,388.2711947166313,380.7457875397245,"Wheel"
"00003.jpg",521.6949152542372,219.11865234375,577.0169326006355,298.84744935116527,"Wheel"
"00004.jpg",712.0712037162459,414.4464633464813,1379.6626054358012,584.5465114116669,"Glass"
"00004.jpg",1369.4282796300229,514.4589993953705,1467.0478456134315,580.6090114116669,"SideGlass"
"00004.jpg",630.9841395541677,511.3089873790741,739.6250931258054,583.7589633464813,"SideGlass"
"00004.jpg",640.431163326646,640.4589993953705,878.1818422069032,752.2839753627777,"Light"
"00004.jpg",1208.8285151216173,649.9089753627777,1465.4733616722558,752.2839753627777,"Light"
"00004.jpg",1353.6831999674175,966.4839513301849,1485.9418931583882,1095.6340234279633,"Wheel"
"00004.jpg",607.3665200602595,964.9089753627777,750.646720964884,1100.358951330185,"Wheel"
"00001.jpg",202.31640487067443,124.74577305680614,440.96045197740114,200.22598525225106,"Glass"
"00001.jpg",146.72317073843573,165.8757096630032,204.1242868886829,209.26553327484993,"SideGlass"
"00001.jpg",404.124321371822,154.6892758816649,447.5141105005296,186.77966446526307,"SideGlass"
"00001.jpg",197.796630859375,254.91526113391598,308.9830646407133,389.60454046389475,"Wheel"
"00001.jpg",37.79660672117761,225.53673006046964,97.90961486471575,327.23164531470695,"Wheel"
"00001.jpg",102.82485875706215,128.13560356528072,220.6214689265537,324.2937853107345,"Door"
"00001.jpg",275.53673006046967,238.64408158986583,398.9265743621999,287.9096252096575,"Light"
"00001.jpg",541.2429378531074,227.34462932004772,565.2542372881356,271.1864406779662,"Light"
"00001.jpg",515.0847871424788,169.9435131698005,539.4915392169845,192.54238322629766,"Light"
"00001.jpg",455.4237150203037,172.2034001754502,478.02258507680085,192.090395480226,"Light"
"00001.jpg",459.03954802259886,126.10170181188207,556.666694253178,158.19209039548022,"Glass"
"00002.jpg",301.271186440678,148.34746344614837,646.3029893778139,265.9957627118644,"Glass"
"00002.jpg",645.3495995473055,231.6737288135594,726.4830508474577,280.48729977365275,"SideGlass"
"00002.jpg",249.31144067796612,328.15679129907653,491.85383683544103,422.3516949152543,"Light"
"00002.jpg",476.59959954730533,358.47457627118644,619.2266949152543,588.0508358195676,"Wheel"
"00002.jpg",758.0402309611692,290.59323779607223,828.2098155910685,412.6271070060084,"Wheel"
"00002.jpg",831.2606164964579,169.3220397173348,861.7690910727291,192.2033956495382,"Light"
"00002.jpg",789.8834745762713,171.22881937835177,808.1886291503907,190.29661598852127,"Light"
"00002.jpg",202.02329926571605,199.830514293606,248.54874045161878,252.45764457573324,"Wheel"
"00002.jpg",64.73516367249572,186.10170655331373,98.29449734445348,214.51271186440678,"Light"
"00007.jpg",254.30510957362287,225.08474576271186,400.2033815545551,284.20339810646186,"Light"
"00007.jpg",97.01695329051907,189.28814386917372,123.05084745762711,242.98304670948093,"Light"
"00007.jpg",229.35592392743644,78.10169284626589,470.7118561308263,170.84745762711864,"Glass"
"00007.jpg",456.6101694915254,137.22033484507415,517.3559156514831,175.72882183527543,"SideGlass"
"00007.jpg",466.9152625132415,87.32203596729343,520.6101860434321,282.03389830508473,"Door"
"00007.jpg",501.6271351959746,199.59321620100636,541.7626953125,273.89830508474574,"Wheel"
"00007.jpg",362.23727985963984,246.2372964115466,450.101711467161,406.2372964115466,"Wheel"
"00007.jpg",64.20339810646186,111.59322447695975,88.6101777674788,147.38982637049787,"Wheel"
"00007.jpg",84.54238115730932,100.33898305084745,108.94916081832628,119.32203389830508,"Light"
"00007.jpg",55.79662258342161,65.62712071305614,125.76271186440678,92.20338983050847,"Glass"
"00007.jpg",210.9152790651483,114.98305498543432,236.94915254237287,142.10169905323093,"Wheel"
"00007.jpg",151.2542414261123,101.42373295153601,173.49154197563558,127.45762711864406,"Wheel"
"00007.jpg",590.5762546345338,265.2203472590042,639.9999999999999,359.5932368908898,"Light"
"00007.jpg",582.7118644067797,154.16948738744702,632.6101529396186,197.01695329051904,"SideGlass"
"00006.jpg",310.66731690099,355.5141242937853,353.9900756513,377.42937853107344,"Light"
"00006.jpg",261.99006822374133,345.28701308083396,278.0535751423508,364.7672390695345,"Light"
"00006.jpg",321.3763338926608,290.25535980052194,418.2440661879444,338.95592477227336,"Glass"
"00006.jpg",406.561519077846,290.25535980052194,467.8948821214141,391.0655515853968,"Door"
"00006.jpg",402.3022598185867,322.7630017813989,436.3763338926608,338.8342030843098,"SideGlass"
"00006.jpg",474.7096672259942,339.9299583650578,508.29693910306105,389.6045197740113,"Wheel"
"00006.jpg",351.5562132174376,362.819209039548,400.72022695390007,417.8508623198601,"Wheel"
"00008.jpg",315.8114840756556,199.59321620100636,445.5108554135462,270.64407607256356,"Light"
"00008.jpg",524.741461784217,184.94916495630295,590.947814649837,237.5593178959216,"Light"
"00008.jpg",219.2153305734039,79.72881769729872,495.4369949049251,165.96611410884532,"Glass"
"00008.jpg",163.31977261099846,231.59322447695973,259.91596751607904,387.7966101694915,"Wheel"
"00008.jpg",68.89430732484077,159.45763539459745,103.62550509507489,241.89831749867585,"Wheel"
"00008.jpg",78.11976847071556,119.32203389830508,116.10702961721236,146.4406779661017,"SideGlass"
"00008.jpg",106.88156847133757,92.20338983050847,173.08794203837203,274.44069038003175,"Door"
"00008.jpg",600.1732757957118,202.305080607786,639,296.6779909295551,"Wheel"
"00008.jpg",5.401309553984624,130.71187682070973,33.62042197452229,158.91525009931144,"Light"
"00010.jpg",114.91525423728812,186.57627946239407,230.44069451800846,229.96610997086864,"SideGlass"
"00010.jpg",201.83051675052965,242.03389830508473,321.15255064883473,366.77966101694915,"Wheel"
"00010.jpg",519.5254568326271,245.4237288135593,601.3559322033898,352.81357587394064,"Wheel"
"00010.jpg",330.7796775688559,151.32204217425846,387.7288301112288,191.45762298066734,"SideGlass"
"00010.jpg",327.5254485566737,117.69491939221398,455.5254402807203,310.23731296345335,"Door"
"00010.jpg",431.864406779661,115.11864613678495,537.0169326006355,289.7627077264301,"Door"
"00010.jpg",590.5762546345338,190.3728937698623,616.6101694915253,219.66101694915255,"Light"
"00010.jpg",178.37290618379237,117.15255478681144,358.4406862420551,187.1186440677966,"Glass"
"00009.jpg",720.7347557403936,454.1182323031955,1007.6850984067478,572.2823275378627,"Light"
"00009.jpg",335.65512974461103,252.37464255960577,485.3683663308341,347.4823128789918,"SideGlass"
"00009.jpg",417.22960110121835,153.4242042150253,978.6542291471415,333.07205646873535,"Glass"
"00009.jpg",477.6907362933458,490.8643568316076,725.2933897610121,780.0301907857258,"Wheel"
"00009.jpg",34.3092856724461,371.25925794422113,143.7151110004686,589.3344789488702,"Wheel"
"00009.jpg",216.65230347938143,136.89743589743588,479.61010719306466,617.4344349722577,"Door"
"00009.jpg",86.3730084348641,123.1626510946159,307.5838727155576,557.3916999295226,"Door"
"00009.jpg",886.0430822399248,236.76353144849463,934.0280869259605,296.32589529314606,"SideGlass"
"00011.jpg",247.36271380037482,176.22686862540885,380.7610048617619,227.08289092197444,"Light"
"00011.jpg",49.78444236176195,180.065072800179,128.479857368791,229.0019747074456,"Light"
"00011.jpg",129.91940384840674,103.30128213539824,368.88472352389874,163.75275996314753,"Glass"
"00011.jpg",518.5979235004686,168.5504968796963,554.5866770149953,201.17510425184537,"SideGlass"
"00011.jpg",503.24273664479847,252.51091122121417,605.9306906044985,363.8183930436152,"Wheel"
"00011.jpg",378.0018817361762,249.63225809013656,459.5763897024367,398.36208420123535,"Wheel"
"00011.jpg",65.61949024718838,329.27470188599494,172.14620431115276,394.0441502594037,"Wheel"
"00011.jpg",434.50423207591376,110.37793676654213,531.4339268978445,341.1490934336876,"Door"
"00012.jpg",120.9934452703989,137.8652322292328,188.09748098128514,173.86524081230164,"Light"
"00012.jpg",107.4976541220639,72.99023509025574,281.81819325869844,124.36523795127869,"Glass"
"00012.jpg",261.9493908153702,101.86523795127869,320.80601528636066,134.1152322292328,"SideGlass"
"00012.jpg",261.9493908153702,71.49022936820984,354.9203488350808,238.7402379512787,"Door"
"00012.jpg",335.80132925074685,73.74023795127869,431.7713329025598,233.4902322292328,"Door"
"00012.jpg",397.65697075254803,183.99022936820984,465.1358835922856,274.7402322292328,"Wheel"
"00012.jpg",168.60355566680823,181.36524081230164,253.70197957547447,286.3652265071869,"Wheel"
"00012.jpg",12.652296157450797,136.36524081230164,36.644804220726925,177.99023509025574,"Light"
"00013.jpg",147.7116970036993,173.7457684877902,266.9169950169443,231.66103427692994,"Light"
"00013.jpg",31.912255986411274,145.35593797931563,59.91604605596248,204.02825436349642,"Light"
"00013.jpg",138.34557221989192,45.89689265536723,338.53476388113836,126.1454831139516,"Glass"
"00013.jpg",330.1147128910869,90.84745762711864,380.0673976526468,123.0225988700565,"SideGlass"
"00013.jpg",331.2500129923464,41.25988556166827,382.33799785516567,217.2768419341179,"Door"
"00013.jpg",383.1598864711447,121.88700853768042,416.0182018153714,184.3446356563245,"Wheel"
"00013.jpg",265.78169491568485,193.42938719496215,327.08729407419656,301.310728687351,"Wheel"
"00014.jpg",92.79661016949152,366.1016949152542,136.18645102290782,424.40676931607516,"Light"
"00014.jpg",167.3728813559322,430.50847457627117,283.9830818822828,542.3728813559321,"Wheel"
"00014.jpg",613.4745969610699,415.5932410288665,728.0508267677436,520.6779867915784,"Wheel"
"00014.jpg",578.2203286381091,320.677960929224,608.7288032143803,356.61015914658367,"SideGlass"
"00014.jpg",732.9661223847987,390.1695122153071,767.5424349510064,415.93219304488866,"Light"
"00014.jpg",426.2711864406779,258.9830560199284,614.1525527178229,480.00002068988346,"Door"
"00014.jpg",266.1016949152542,252.37289687334476,449.7457730568061,488.30509509070424,"Door"
"00015.jpg",203.3364573570759,74.51485148514851,420.70854322867854,182.46394125845342,"Glass"
"00015.jpg",385.1996324390815,146.96068075522675,454.29804650890344,186.30212713130967,"SideGlass"
"00015.jpg",370.80413103327083,79.31258840169731,519.0778028350516,304.3264479576445,"Door"
"00015.jpg",516.6785526007498,177.6662043419046,577.1396877928772,263.54568416697975,"Wheel"
"00015.jpg",233.0871822282099,252.03110824649707,355.4489441776007,382.52957433892107,"Wheel"
"00015.jpg",110.72540197399249,226.60310624917122,254.68043433692594,286.57483600794507,"Light"
"00017.jpg",47.450251057082454,98.42486210192664,85.12297164562136,113.98870056497174,"Light"
"00017.jpg",83.15173765670421,105.22033898305084,128.928468474374,148.40452980860476,"Wheel"
"00017.jpg",205.8071120667407,88.56045532226561,228.58599047025714,120.56497175141241,"Wheel"
"00017.jpg",143.16525494371862,72.33898305084745,159.81135710702134,88.34124126542085,"SideGlass"
"00017.jpg",95.03396864522081,56.884747435144085,151.4027484143763,84.06667168396338,"Glass"
"00017.jpg",134.84222057253814,60.50169993255098,195.73185113822177,128.89492194396627,"Door"
"00018.jpg",78.99013372720341,77.15423855539096,123.84994681131556,99.74407286563162,"Light"
"00018.jpg",14.940290758047768,59.96271566617287,30.72429906542056,86.20678219552768,"Light"
"00018.jpg",44.51453663478388,36.874577538441805,61.9600195008275,47.006778393761586,"SideGlass"
"00018.jpg",150.01817111038096,44.847457627118644,169.12514121114032,56.474576271186436,"SideGlass"
"00018.jpg",147.69210419303283,23.42033961667853,173.44495985243054,95.67457373667573,"Door"
"00018.jpg",33.05035964474624,16.610169491525426,66.27985081816264,59.29830635200113,"Door"
"00018.jpg",122.93613073362863,85.70847837803727,145.86448471370392,132.71525677179886,"Wheel"
"00018.jpg",166.13448193511488,54.3152555045435,179.92472584250066,80.72542753057965,"Wheel"
"00016.jpg",324.81358414989404,243.52543200476694,452.2712112685381,301.5593137579449,"Light"
"00016.jpg",553.1525589247882,200.13560149629237,597.0847954184322,257.62711864406776,"Light"
"00016.jpg",176.20340638241524,256.5423687433792,300.4068044888771,404.06779661016947,"Wheel"
"00016.jpg",35.18643653998941,177.89830094676907,83.9999958620233,265.22034725900426,"Wheel"
"00016.jpg",104.6101819054555,131.2542414261123,176.20340638241527,174.1017073291843,"SideGlass"
"00016.jpg",165.89831336069915,68.3389851198358,445.2203472590042,177.89830094676904,"Glass"
"00016.jpg",82.91526665121822,54.23728813559322,183.7966349973517,311.86440677966095,"Door"
"00020.jpg",324.4611173449215,286.20138745486565,623.6176423749414,372.368534428929,"Glass"
"00020.jpg",263.9175314934542,340.5241540254708,348.6410496719775,395.22155464897924,"SideGlass"
"00020.jpg",161.012200853371,294.4434509497211,402.43676140024604,528.2186728045989,"Door"
"00020.jpg",478.1630854798793,411.331076168533,649.1096875549144,597.9016927889513,"Wheel"
"00020.jpg",37.30086064718545,409.83248279142794,168.5098578355641,556.6913181491819,"Wheel"
"00020.jpg",647.6101218369259,379.86132981797806,799.0627699961926,441.302257724729,"Light"
"00019.jpg",257.26335520149956,528.2402548725637,411.34025766789193,712.7464189658101,"Wheel"
"00019.jpg",820.7122602525334,510.2396723391234,1076.0075319785321,762.2480853079319,"Wheel"
"00019.jpg",432.7085114240423,394.3608203527631,488.9409387904903,457.3629021365782,"SideGlass"
"00019.jpg",1028.772241508391,411.2363825716536,1214.3393376215442,500.11431784107947,"Light"
"00019.jpg",414.7141518275539,294.2324673539695,758.8565901494406,681.2453351571285,"Door"
"00021.jpg",57.21649055516709,262.9950856633451,178.11620939303026,374.37379201634536,"Wheel"
"00021.jpg",510.73104729692636,255.24287856071965,627.1321976866362,361.85775862068965,"Wheel"
"00021.jpg",386.7385277931335,153.8664628562184,556.5604412790315,334.43497001499253,"Door"
"00021.jpg",233.78634251716994,197.74292033365643,272.02436738519214,229.243961225564,"SideGlass"
"00021.jpg",200.7497699884131,159.91354360966488,395.31398154690436,341.0445823841009,"Door"
"00025.jpg",151.4478891663632,207.8169608681889,259.96312778278934,265.14575880664887,"Light"
"00025.jpg",46.515685776532706,197.06779661016947,82.85805084745763,247.23050456936073,"Light"
"00025.jpg",226.18008474576263,84.96949347803148,400.53389830508473,152.02373271877482,"Glass"
"00025.jpg",390.48855151160285,80.8745821290097,461.63771186440675,263.6101694915254,"Door"
"00025.jpg",446.6016949152542,82.41017144413317,503.6105775994769,234.9457705222954,"Door"
"00025.jpg",480.5766792943922,184.78306256310412,522.0377274852688,256.4440795122567,"Wheel"
"00025.jpg",279.79787354550115,223.17289307157867,370.39789697679413,344.228813559322,"Wheel"
"00023.jpg",219.2127402966114,135.23436784744263,302.81162708858074,234.23438787460327,"Wheel"
"00023.jpg",36.26991279122979,147.23437070846558,103.74882563096739,230.10936498641968,"Wheel"
"00023.jpg",173.8519212746017,187.26563215255737,222.96156878770796,219.14063215255737,"Wheel"
"00023.jpg",367.29146569492445,194.48436498641968,447.51640112464855,224.10937070846558,"Wheel"
"00023.jpg",298.68792146863285,90.23436784744263,357.16964020948046,134.85937356948853,"Light"
"00023.jpg",434.0206528782509,89.48437929153442,462.8866208191776,134.48437929153442,"Light"
"00023.jpg",188.84723523898782,29.48437213897705,359.41893158388007,85.35937070846558,"Glass"
"00023.jpg",158.1068530525129,65.10937929153442,212.46486617341262,97.73436784744263,"SideGlass"
"00023.jpg",126.24179657754657,27.234370708465576,214.33928041896087,200.48438787460327,"Door"
"00023.jpg",67.76007783669898,38.484370708465576,139.73758772588155,194.10937070846558,"Door"
"00022.jpg",267.6663542642924,740.0777614116669,489.67201354465647,1012.5527493953705,"Wheel"
"00022.jpg",1122.2305769772875,832.6089513301849,1415.0890346766637,1106.6589753627777,"Wheel"
"00022.jpg",1471.771297436958,745.9840114116669,1690.6279287722587,851.5090234279633,"Light"
"00022.jpg",624.6860836640406,619.9840114116669,703.4114819770678,694.0089633464813,"SideGlass"
"00022.jpg",546.7479273216012,599.5089633464813,1005.7169634489222,996.4089753627777,"Door"
"00024.jpg",502.3458024364407,278.5627317266949,682.8474576271187,352.3254435911017,"Light"
"00024.jpg",848.5966631355932,286.3728813559322,917.1525423728813,346.2508606991525,"Light"
"00024.jpg",398.2102092161017,406.99662341101697,596.9355799788136,613.5322431144068,"Wheel"
"00024.jpg",55.86440677966102,389.2067995233051,193.84408103813558,580.9898702330509,"Wheel"
"00024.jpg",232.46103681144066,162.06102688029662,418.1694915254237,502.2372881355932,"Door"
"00024.jpg",306.8745696504237,229.31524761652543,405.6949152542373,297.22033898305085,"SideGlass"
"00024.jpg",742.7254369703389,237.7762844279661,803.4711996822033,285.50509798728814,"SideGlass"
"00024.jpg",399.07799258474574,157.93898967161016,762.6847854872881,302.861030190678,"Glass"
"00024.jpg",758.3458024364406,487.7017346398304,970.9559057203389,611.7966101694915,"Wheel"
"00026.jpg",393.6635300169295,246.43050487970902,497.34829706188435,300.61696353201137,"Light"
"00026.jpg",315.19297873548896,285.65677966101697,408.5092798630247,383.6635737015029,"Wheel"
"00026.jpg",56.21661491465613,276.1152470475536,130.68115165667507,362.3423800710904,"Wheel"
"00026.jpg",249.91868949160119,208.26441037452827,307.88789868667914,242.1898376982091,"SideGlass"
"00026.jpg",182.64138398877225,161.38135593220338,305.16322701688557,341.8457770913334,"Door"
"00026.jpg",98.16181988742963,175.7525387780141,207.50217917265184,330.7729029251357,"Door"
"00026.jpg",271.598232018791,176.6949152542373,464.2251407129456,237.4779732914294,"Glass"
"00030.jpg",306.16835315135893,116.97248483211436,611.8328330014058,242.59403742796985,"Glass"
"00030.jpg",588.99196052015,187.5086678579344,629.2993644564199,228.48681363585993,"SideGlass"
"00030.jpg",248.39436650656043,188.18043065713653,312.88625380740393,239.9069606050532,"SideGlass"
"00030.jpg",212.11771833997187,116.97248483211436,312.88625380740393,400.46072972074467,"Door"
"00030.jpg",157.7027332767104,104.20879945146277,247.72258669165885,374.93333333333334,"Door"
"00030.jpg",336.06299056935325,339.8332017398049,446.90835139409546,521.2119251440602,"Wheel"
"00030.jpg",128.64780781396436,271.1443920378989,196.49859418931578,386.6893617021276,"Wheel"
"00030.jpg",472.60430090206177,320.0158916500443,629.8031865042174,398.61334358377655,"Light"
"00030.jpg",767.35224343955,307.92398188164896,854.6849519681348,379.8036776928192,"Light"
"00027.jpg",198.0337538714708,198.37288135593224,286.95407685098405,242.06214689265542,"Light"
"00027.jpg",172.7629082205146,111.45191668925314,375.4020546481446,184.66095623727574,"Glass"
"00027.jpg",370.56047148199536,156.91236866665426,422.99157955094597,192.3360974802136,"SideGlass"
"00027.jpg",354.2642924086223,110.4039548022599,457.7094729994654,285.6185653384797,"Door"
"00027.jpg",433.50141301820963,108.61800757370428,532.6954509302512,279.1242150559938,"Door"
"00027.jpg",492.5454977906074,227.16943081354694,569.5388796805441,323.5219623759642,"Wheel"
"00027.jpg",264.3992430267763,229.53101273445088,360.759137769447,335.80218115768866,"Wheel"
"00027.jpg",86.08623386658344,208.8671709265413,115.3720676239786,243.346263368251,"Light"
"00028.jpg",176.94136428117304,198.20226343876894,262.55487982372404,252.67006360070175,"Light"
"00028.jpg",186.94512372616308,117.78078740868864,358.63743851824506,169.92090395480224,"Glass"
"00028.jpg",342.3522602818473,147.57514479470117,419.12524339629385,189.00792025980974,"SideGlass"
"00028.jpg",341.88697657486733,122.43615464032706,432.61868389194046,306.3231780488612,"Door"
"00028.jpg",498.22468054451144,258.3728813559322,565.2265283180222,348.6870127532442,"Wheel"
"00028.jpg",221.9582640341924,256.6271186440677,343.733583489681,377.6666666666665,"Wheel"
"00028.jpg",409.35414355422944,121.97062502068988,496.36354571659166,305.857648429224,"Door"
"00029.jpg",536.7796817068325,607.4576167737023,989.6610583289194,812.2034105203919,"Light"
"00029.jpg",1406.2713105799785,528.4746073060115,1510.6780488612285,723.7288135593219,"Light"
"00029.jpg",420.16953290519064,240.00001034494173,1123.898367154396,492.20337948556676,"Glass"
"00029.jpg",1034.4067589711335,299.66104798397777,1163.2203182931673,393.22033898305085,"SideGlass"
"00029.jpg",214.0678276449947,337.6271393339513,431.0169284626589,459.661037639036,"SideGlass"
"00029.jpg",172.88135593220338,231.8644119521319,433.72885493908893,794.5762504965571,"Door"
"00029.jpg",368.3051157805879,589.1525527178229,552.7119264764301,1031.186482057733,"Wheel"
"00029.jpg",22.54240391618114,352.88137662208686,162.2034105203919,662.0339086500264,"Wheel"
"00034.jpg",130.84745762711864,200.13560149629237,275.05085573358053,275.93220338983053,"Light"
"00034.jpg",265.69493180614404,257.08475403866527,388.8135593220339,406.1016949152542,"Wheel"
"00034.jpg",539.5932368908898,189.83050847457628,605.2203886387712,289.62712692002117,"Wheel"
"00034.jpg",401.2881521451271,126.91526251324152,467.9999917240466,165.4237288135593,"SideGlass"
"00034.jpg",398.57628773834745,67.25423521914725,510.30513440148303,308.0678131620763,"Door"
"00034.jpg",485.3559487552966,58.033902443061436,586.7796610169491,279.86441919359106,"Door"
"00034.jpg",191.1864406779661,74.03389623609641,427.86443160752117,164.61018190545553,"Glass"
"00032.jpg",173.56992171982589,152.436450376349,338.8241590079615,243.11440677966104,"Light"
"00032.jpg",165.20128411761786,30.93220823902195,397.40468687930354,108.47458596956932,"Glass"
"00032.jpg",400.4766819840772,74.47034221584515,458.6864406779662,108.58050847457628,"SideGlass"
"00032.jpg",391.47247702388444,35.59321872258591,441.4724576271187,230.5084810418598,"Door"
"00032.jpg",316.04873527914793,193.64407102940447,399.0995762711865,341.525417263225,"Wheel"
"00032.jpg",446.13350043862556,133.89831478312865,467.3199411165917,208.8983018519515,"Wheel"
"00033.jpg",150.020358845339,330.6305283368644,276.7186837923729,424.3525556144068,"Light"
"00033.jpg",383.2406647245763,447.566108315678,573.2881355932203,645.4237288135594,"Wheel"
"00033.jpg",890.2509269067797,368.8135593220339,990.0475370762712,525.8847325211864,"Wheel"
"00033.jpg",833.8440810381356,290.7118644067797,898.9288268008474,350.58984375,"SideGlass"
"00033.jpg",617.2203389830509,211.74238612288136,911.0779925847457,536.2983315677966,"Door"
"00033.jpg",33.952562235169495,229.31524761652543,88.62374205508475,277.9118776483051,"Wheel"
"00033.jpg",942.3187235169491,193.5186374470339,970.9559057203389,224.75933527542375,"Wheel"
"00033.jpg",877.2339777542372,259.4711996822034,931.0373411016949,286.37288135593224,"Light"
"00031.jpg",224.65085407838984,403.52542372881356,316.6373146186441,458.1966366525424,"Light"
"00031.jpg",70.18306408898304,387.9050913665254,106.6305283368644,438.23728813559325,"Light"
"00031.jpg",182.1288069385593,319.34914592161016,375.6474443855932,396.5830574682203,"Glass"
"00031.jpg",364.3661281779661,374.020358845339,412.96272510593224,406.99662341101697,"SideGlass"
"00031.jpg",360.8949284957627,339.3084944385593,414.6982918432203,485.9661016949152,"Door"
"00031.jpg",294.725436970339,452.55594544491527,362.41359904661016,556.6915386652543,"Wheel"
"00031.jpg",392.7864804025424,454.07458289194915,443.11864406779665,524.3661281779661,"Wheel"
"00035.jpg",229.90627928772258,164.2170484245168,436.4682430707079,302.88990598469115,"Light"
"00035.jpg",901.4684592964722,151.95347180669708,1100.4847523082385,297.2297687861272,"Light"
"00035.jpg",227.0766707387279,471.75000000000006,415.71775639113025,652.8737426052205,"Wheel"
"00035.jpg",909.9572489630316,482.12690020434434,1100.4847523082387,663.2506068235189,"Wheel"
"00038.jpg",108.96611100536282,201.3559322033898,200.08474576271186,242.44067175913665,"Light"
"00038.jpg",159.40677966101694,90.71186130329714,318.457620911679,154.16949773238878,"Glass"
"00038.jpg",323.33899546477755,122.44068727654926,363.6101881124206,149.28813869670284,"SideGlass"
"00038.jpg",313.1695039393538,94.77965791346662,392.08473334878175,256.271186440678,"Door"
"00038.jpg",407.5423728813559,162.30509095272774,455.54238529528595,231.864406779661,"Wheel"
"00038.jpg",191.13560563426907,198.91526044425316,303.8135593220339,332.74577512579447,"Wheel"
"00040.jpg",272.58668307846915,161.74171235000176,318.1349835668419,202.8055975826784,"SideGlass"
"00040.jpg",537.5819970428553,155.83526986506746,575.2577491195378,190.71143607578534,"SideGlass"
"00040.jpg",317.57262497162753,124.05297389452247,548.1255771740643,189.30513922421113,"Glass"
"00040.jpg",350.1874500049423,224.18130543492902,440.7216494845361,274.8079920916007,"Light"
"00040.jpg",615.0421743205249,220.2436699588438,655.5295048635925,264.12012743628185,"Light"
"00040.jpg",305.90441345386455,267.0733594079425,379.568884723524,398.1402431413688,"Wheel"
"00040.jpg",218.88474068467377,246.11952344445453,265.55762965766314,349.62300176205844,"Wheel"
"00040.jpg",260.77788191190257,128.55311952788256,312.51174083019714,335.5600332463163,"Door"
"00037.jpg",95.21200384029082,226.1864516694667,194.63416466346155,268.4463350112829,"Light"
"00037.jpg",190.31145564610696,227.62712597173487,304.6228783126173,345.7627118644068,"Wheel"
"00037.jpg",513.0731670673077,171.44068162993523,598.0862856179644,274.20903222035554,"Wheel"
"00037.jpg",391.07691208372427,131.1016912514207,440.0675532070826,169.0395516864324,"SideGlass"
"00037.jpg",366.1013169852252,109.49152175989528,512.1125813496717,275.64972484179134,"Door"
"00037.jpg",239.78235298428712,88.36158008898717,413.65104288813325,173.4816384180791,"Glass"
"00036.jpg",141.00468271786406,120.84917814835258,185.36082474226805,169.5448336393937,"Light"
"00036.jpg",330.3879971133288,81.28396739130434,396.05250350537426,141.28396407417628,"Light"
"00036.jpg",441.7132013494318,58.240492447562836,484.76478755418225,95.63179016113281,"SideGlass"
"00036.jpg",222.9765764574303,41.71875663425611,426.49299085307814,113.45788706903872,"Glass"
"00036.jpg",491.2877491286902,82.1535359258237,522.5979514153291,162.58831853451935,"Wheel"
"00036.jpg",420.9484668792467,88.02309450895889,459.2165213873594,211.0665860383407,"Wheel"
"00039.jpg",203.7598389129925,157.51412062995178,349.29081041862105,207.4576307824776,"Light"
"00039.jpg",301.260791656895,186.3276799519857,435.74484418972804,355.84745029945157,"Wheel"
"00039.jpg",553.2983077802534,188.36865505929717,618.3864915572233,284.4138344802425,"Wheel"
"00039.jpg",461.2007687910413,141.66666666666666,528.9230879162758,170.9604629689017,"SideGlass"
"00039.jpg",278.6866974964822,109.97175874009645,477.05065299601324,163.2768361581921,"Glass"
"00039.jpg",453.03564361515015,121.49717147740941,541.4109221095216,281.8926773502328,"Door"
"00045.jpg",152.06569736286747,135.16949799101232,173.6758603888043,166.94915900796147,"SideGlass"
"00045.jpg",132.15042372881356,113.98305731304622,260.1165448204946,258.0508539232157,"Door"
"00045.jpg",245.28603634591832,116.94916224075577,368.59111462609246,261.0169426869538,"Door"
"00045.jpg",341.47246409270724,213.98305084745763,424.09961506471797,294.91524777169957,"Wheel"
"00045.jpg",35.32839629609706,207.41525747008245,123.46400244761321,289.6186376022081,"Wheel"
"00045.jpg",458.42161016949154,163.98305408025192,486.8114277467889,194.0677933773752,"Light"
"00045.jpg",24.94703713109938,171.1864471435547,46.13347780906548,197.45763681702695,"Light"
"00044.jpg",308.80163641684703,271.3367458709889,378.2353146858969,307.051984970179,"Light"
"00044.jpg",496.5205375980008,268.85651988228835,534.7090455106375,301.5954953640868,"Light"
"00044.jpg",281.89607095224954,277.66129186597914,317.6048424793434,363.97316384180783,"Wheel"
"00044.jpg",217.29798269047564,255.95933338747184,245.5673937075338,333.342395588503,"Wheel"
"00044.jpg",275.0766918365393,188.9932316925566,453.1787394167451,243.06214689265536,"Light"
"00044.jpg",452.87653396046625,217.26779282564496,482.1378395317415,238.10169491525423,"SideGlass"
"00044.jpg",244.07951403785628,216.77175519695388,275.820631671378,239.58982672395004,"SideGlass"
"00043.jpg",95.3261291745152,218.15931843903104,180.6036103139282,293.07798767089844,"Light"
"00043.jpg",286.6115154522681,137.11526502188988,339.85105552221006,187.53219979496325,"SideGlass"
"00043.jpg",99.09531351323184,64.19915254237289,314.88029015582543,190.83050847457628,"Glass"
"00043.jpg",283.78464517103356,76.33220698469776,396.3886049293247,311.92544529801705,"Door"
"00043.jpg",486.8487055480716,209.20678685075146,542.4439049520984,282.7118644067797,"Wheel"
"00043.jpg",176.00994161372134,263.1576199289095,282.48898580799937,379.0695130946272,"Wheel"
"00041.jpg",71.52542372881355,210.983059123411,176.20340638241524,295.05085573358053,"Light"
"00041.jpg",459.8643985037076,216.40678793697032,556.4068293167372,282.57628360037074,"Light"
"00041.jpg",153.4237412274894,59.11864199880826,471.7966267213983,158.37288549390888,"Glass"
"00041.jpg",464.20339810646186,114.44069038003177,515.7288632150423,150.77965687897245,"SideGlass"
"00041.jpg",104.06779661016948,106.30508681475105,164.27117816472457,145.89831336069915,"SideGlass"
"00041.jpg",585.1525258209746,120.94914840439618,624.2034394862288,163.25424970206566,"Wheel"
"00042.jpg",433.02196388473055,182.33220728642522,516.3113616516966,250.77063315871072,"Light"
"00042.jpg",571.497005988024,174.6711903372727,604.1996475798403,222.68023767848473,"Light"
"00042.jpg",595.0020271956088,183.35368010957362,639.4571014221557,213.4870017531228,"Light"
"00042.jpg",453.46108564121755,92.9536762129789,599.0898671407185,156.28475745249602,"Light"
"00042.jpg",202.05990363023952,58.22372686526196,421.7804625124751,148.1129943502825,"Light"
"00042.jpg",150.4511094997505,108.27571011128398,211.7684552769461,154.75253847628665,"SideGlass"
"00042.jpg",218.41118544161677,227.5321994932358,354.84230757235525,370.5378686937235,"Wheel"
"00042.jpg",39.69660288797405,194.71751412429379,95.90418771831338,281.03164621126854,"Wheel"
"00042.jpg",107.52894601422156,59.75593609998455,224.03193612774453,287.54351841123764,"Door"
"00046.jpg",297.45716064224314,217.97514745289695,453.0365510777882,276.8973031415197,"Light"
"00046.jpg",682.8697282099344,223.86736302175922,740.0333465890785,278.0757507506959,"Light"
"00046.jpg",230.2751909879847,282.2003061443032,357.56740317661956,467.21588399738613,"Wheel"
"00046.jpg",24.014624927238312,229.75957859062152,144.82437188131516,392.9739768205289,"Wheel"
"00046.jpg",109.46542155329267,137.25178966408004,164.861119392774,194.40628517744784,"SideGlass"
"00046.jpg",86.48209484783197,97.22155688622755,285.67084386623566,377.06496781217834,"Door"
"00048.jpg",435.1441165235706,257.9683662457655,526.8358458468788,343.5503104689431,"Light"
"00048.jpg",217.52908825695067,282.42034364689545,298.21779140673186,359.4440864519885,"Light"
"00048.jpg",324.502772467477,174.83165240961281,357.51180435123297,207.2305178022654,"SideGlass"
"00048.jpg",617.3050374339398,134.4858757062147,661.3170488543976,188.89153475141796,"SideGlass"
"00048.jpg",339.32628736280856,101.62853107344634,605.2323024004025,213.3435121525479,"Glass"
"00048.jpg",553.120826907624,264.08136059604794,630.1419168486631,424.2418172372936,"Wheel"
"00048.jpg",688.8245676513901,175.44294251695192,752.3975559464075,305.0384274067852,"Wheel"
"00049.jpg",311.4689081626648,755.94242807162,451.28061183203863,827.0756878179345,"Light"
"00049.jpg",470.56496255590866,767.9989252467612,582.6553948181497,916.2937853107344,"Wheel"
"00049.jpg",805.6309127089219,616.0870332448495,873.1261862199859,730.6237104168046,"Wheel"
"00049.jpg",613.9924762388182,578.7118644067796,802.0150567178672,783.6723163841807,"Door"
"00049.jpg",229.51034861993878,613.6757246114439,454.8964678230932,759.5593220338982,"Glass"
"00049.jpg",158.399265095339,690.8373249291026,218.66291857933146,771.6158192090395,"Light"
"00050.jpg",186.45937447977963,176.59661718681028,287.1689949753972,235.46215040131472,"Light"
"00050.jpg",283.4900909514564,202.81018001750363,400.2948551537142,339.3966242041291,"Wheel"
"00050.jpg",488.6025768087215,200.51074498925504,557.1075690489694,308.5841737736416,"Wheel"
"00050.jpg",405.35332187316106,131.5276941417974,469.73393178435094,175.6768396668515,"SideGlass"
"00050.jpg",396.6159511297734,105.77401129943502,498.70513432089706,272.2531283965892,"Door"
"00050.jpg",172.66353701694513,93.35706740988175,401.6744178492203,154.52204442428328,"Glass"
"00047.jpg",127.28814593816207,515.2542372881355,341.5254237288135,668.4745659262445,"Light"
"00047.jpg",635.7627739340571,501.6949152542373,893.3898925781249,646.7796713618909,"Light"
"00047.jpg",337.4576374635858,252.20339500297933,948.9830922272246,432.54239357123936,"Glass"
"00047.jpg",942.2034312102754,371.525444418697,1052.0339189949682,446.1017156051377,"SideGlass"
"00047.jpg",281.8644378144862,397.28812524827856,349.6610479839777,458.3050744008209,"SideGlass"
"00047.jpg",856.7796610169491,592.5423832262976,976.1017362950212,894.9152542372881,"Wheel"
"00047.jpg",182.88134558726165,786.4406779661017,355.08474576271186,901.6949152542372,"Wheel"
"00047.jpg",977.4576478085276,602.0339189949682,1071.0169905323094,783.7288549390889,"Wheel"
"00051.jpg",100.27118230270126,304.81358414989404,176.74577098781776,367.7288301112288,"Light"
"00051.jpg",336.20340638241527,232.6779743776483,388.2711947166314,267.3898263704979,"SideGlass"
"00051.jpg",219.8643985037076,189.559326171875,363.5932120630296,261.6949152542373,"Glass"
"00051.jpg",316.67799092955505,186.03389416710803,437.62711864406776,375.3220587261652,"Door"
"00051.jpg",510.8474576271186,280.4067837989936,572.1356097722457,364.4746010990466,"Wheel"
"00051.jpg",179.45763539459745,334.6440926244703,304.74576271186436,465.89831336069915,"Wheel"
"00053.jpg",205.0317990577827,231.35592573780127,252.06569089727887,250.00000000000003,"Light"
"00053.jpg",252.4894132452496,244.91526716846533,303.33687087236825,306.35594513456704,"Wheel"
"00053.jpg",391.8961993718552,230.08475869388906,421.98097099692137,271.61016302593686,"Wheel"
"00053.jpg",373.3580637786348,211.65254560567567,388.6122946011818,226.4830702442234,"SideGlass"
"00053.jpg",72.40466748253775,202.54236964856165,104.1843284994869,216.94915577516718,"Light"
"00053.jpg",313.93009121135134,194.91525423728814,396.1334875074484,280.9322163210077,"Door"
"00053.jpg",143.16736641576736,171.61016949152543,188.50636886338057,244.91526716846533,"Door"
"00053.jpg",119.43855932203391,216.10169491525426,153.33686440677968,256.7796545513606,"Wheel"
"00053.jpg",202.0656779661017,190.25424375372418,299.9470274327165,223.30510414252848,"Glass"
"00052.jpg",192.64779294129278,204.85446428571424,295.6356323585403,255.1287453787667,"Light"
"00052.jpg",266.4052391159501,238.92589285714286,409.37659755374295,393.9887638636998,"Wheel"
"00052.jpg",633.5265044736997,197.13159790039063,742.5724276227156,337.65731680733813,"Wheel"
"00052.jpg",434.8206278006385,117.78303571428572,501.4598030583704,172.9030264718192,"SideGlass"
"00052.jpg",417.55503254598176,52.063033403669074,565.9786501654756,312.7,"Door"
"00052.jpg",540.8374975288484,45.097321428571426,685.0204126274016,298.89159327915735,"Door"
"00052.jpg",190.83036551077788,56.028571428571425,471.77507029053425,159.75714285714287,"Glass"
"00054.jpg",335.4237184686175,787.4576891882944,525.2542786679024,867.4576064287604,"Light"
"00054.jpg",858.1355725304554,658.9830818822828,957.11866475768,725.4237288135593,"SideGlass"
"00054.jpg",429.6610169491525,577.627149678893,893.389892578125,724.067817300053,"Glass"
"00054.jpg",805.254299357786,587.1186337228548,1099.4915461136122,1002.0339189949682,"Door"
"00054.jpg",1057.457668498411,584.4068106958422,1327.2880942134534,1000.6780074814619,"Door"
"00054.jpg",1244.5762504965571,823.0509095272776,1441.1865234375,1061.6949566340043,"Wheel"
"00054.jpg",502.88137662208686,817.6271600238347,761.8644067796611,1075.2542786679023,"Wheel"
"00055.jpg",263.40065408740526,243.6542335553358,361.72017325075893,301.3875631558693,"Light"
"00055.jpg",199.32176608775964,132.10169491525423,446.8326067501271,199.62033525025103,"Glass"
"00055.jpg",460.5288368240146,169.28588690461413,509.93316861064244,202.06666293386687,"SideGlass"
"00055.jpg",194.55250546306783,166.22797730009435,222.92332906929934,196.56242564573128,"SideGlass"
"00055.jpg",449.27836611896345,134.05876452774652,531.4558958395934,319.4904104114253,"Door"
"00055.jpg",529.0101364707571,212.34125040345273,580.3710832163192,317.53334079893295,"Wheel"
"00055.jpg",362.20931766066093,254.4180790960452,444.38684738129086,387.4983274815446,"Wheel"
"00055.jpg",81.92529772395449,236.8045272396109,121.05744762533516,290.1344782080354,"Light"
"00060.jpg",248.09322033898303,195.93221373477223,283.68644067796606,214.915259409759,"Light"
"00060.jpg",323.6864510229078,180.67797644663665,347.7542683229608,199.3220442432468,"Light"
"00060.jpg",226.0593220338983,212.8813662771451,265.3813507597325,264.4067796610169,"Wheel"
"00060.jpg",140.29662568690412,200.33897787837657,173.51694915254237,243.38984085341627,"Wheel"
"00060.jpg",196.56780695511122,174.23729330806407,218.2627273818194,193.22033898305082,"SideGlass"
"00060.jpg",217.24576788433527,143.7288187317929,302.66948635295284,182.71186957925053,"Glass"
"00060.jpg",188.43220856230135,152.8813636909097,225.3813662771451,236.27120195809056,"Door"
"00060.jpg",165.38135075973253,152.8813636909097,200.635593220339,231.1864561953787,"Door"
"00060.jpg",54.19491266800185,162.71186440677965,76.56780178264034,177.2881330069849,"Light"
"00060.jpg",15.211861820544225,157.2881407656912,32.500005172470864,169.1525475453522,"Light"
"00059.jpg",174.03390658103814,200.13560149629237,254.30510957362287,249.4915254237288,"Light"
"00059.jpg",253.22033898305082,232.6779743776483,355.1864572298729,354.71187268273303,"Wheel"
"00059.jpg",511.9321868379237,192.54237288135593,574.8474741790254,280.4067837989936,"Wheel"
"00059.jpg",436.5423894332627,94.91525423728814,514.6440512447034,259.7966184454449,"Door"
"00059.jpg",365.491550251589,137.22033484507415,420.27120299258473,169.22034312102755,"SideGlass"
"00059.jpg",350.30509302171606,94.37287928694386,464.74576271186436,280.94914840439617,"Door"
"00059.jpg",214.1695080773305,98.71186854475636,385.5593303098517,170.84745762711864,"Glass"
"00058.jpg",167.54453058112156,93.71186440677964,211.81851321703766,123.08587905107916,"Light"
"00058.jpg",109.79109254601883,111.35819041796321,167.6541095890411,171.42147896114713,"Wheel"
"00058.jpg",19.270546273009415,90.97175141242937,46.44863180918236,126.70283154848605,"Wheel"
"00058.jpg",73.18835950877568,58.30960953707075,103.65411627782532,76.28474409027962,"SideGlass"
"00058.jpg",97.29794854987156,39.45762711864406,184.53083195098458,73.43502824858757,"Glass"
"00058.jpg",62.22945539918664,38.1423720451398,111.54452389233732,138.9785344183108,"Door"
"00058.jpg",37.68150852151113,37.484746598927984,73.18835950877568,121.22260555978548,"Door"
"00056.jpg",228.20993439550142,191.49024367332458,297.5632614807873,269.4902265071869,"Wheel"
"00056.jpg",40.018741282326324,141.6152322292328,101.12465712771643,207.2402322292328,"Wheel"
"00056.jpg",88.00375740887857,93.61523509025574,114.2455568465543,116.86523795127869,"SideGlass"
"00056.jpg",87.62886597938144,65.86523652076721,174.22679840345302,197.4902379512787,"Door"
"00056.jpg",153.98314743256503,72.61524081230164,234.58295999114048,219.24024939537048,"Door"
"00056.jpg",326.61668228678536,153.70899081230164,362.2305529522024,205.8339822292328,"Light"
"00057.jpg",689.8594463888238,236.7607822116826,814.9203785804241,299.7133781484772,"Light"
"00057.jpg",532.4086497627695,261.94181372511196,676.3636638208764,436.4104161660773,"Wheel"
"00057.jpg",266.09185316234186,270.93504171608265,355.16399751786554,392.34365390062874,"Wheel"
"00057.jpg",436.13869292555063,182.80141426585865,497.31960135748596,233.16347729271743,"SideGlass"
"00057.jpg",497.31960135748596,135.13731277500264,773.5332571242386,208.88175485580823,"Glass"
"00057.jpg",396.5511189740511,144.13054076597328,527.0103504642104,369.86058392320206,"Door"
"00057.jpg",303.8800512169049,152.22442537398155,420.8435001391167,363.5652831617919,"Door"
"00063.jpg",371.58561991028864,446.90849459373345,514.141512078754,520.3728813559322,"Light"
"00063.jpg",481.78221673480533,483.64070465605135,603.3483317746955,643.6881222482455,"Wheel"
"00063.jpg",813.2466368594412,451.28137594966563,912.0737821934587,602.5830641924324,"Wheel"
"00063.jpg",677.6873148255429,398.8067996784792,750.2771052990929,437.2881355932203,"SideGlass"
"00063.jpg",660.1957894018141,346.33222340729276,808.873755503509,594.7118644067797,"Door"
"00063.jpg",410.5042372881356,347.86272520938155,705.2364807128906,437.06951154288595,"Glass"
"00062.jpg",170.29990113105524,102.0323801615152,264.09560027475544,140.4902166343597,"Light"
"00062.jpg",373.0740290662342,103.04442578051464,419.2971255473143,138.4661125275026,"Light"
"00062.jpg",121.7150916087929,160.05647912082904,192.23054780396996,262.2733440169369,"Wheel"
"00062.jpg",334.9484587564799,215.38177260433335,413.89879192720537,249.45408235113305,"Wheel"
"00062.jpg",19.821930646672914,147.91190595511932,77.17900656044986,224.49022178190302,"Wheel"
"00062.jpg",39.390812796080574,95.96009357866035,66.0449885160094,121.26129839793745,"SideGlass"
"00062.jpg",46.81349578256795,44.68298257115376,132.51172023726716,206.94803766457431,"Door"
"00062.jpg",82.57732730997759,37.26129968482328,179.07218039315106,213.3576813663345,"Wheel"
"00062.jpg",193.9175206249634,43.01204819277109,399.8125585754452,97.8155126916357,"Glass"
"00064.jpg",132.66442664194915,243.85086731991527,349.61354608050846,367.94577595338984,"Light"
"00064.jpg",674.1694915254237,242.11526747881356,895.457627118644,368.8135593220339,"Light"
"00064.jpg",194.92882680084745,60.094925185381356,831.0237023305085,213.6949152542373,"Glass"
"00064.jpg",100.55594544491525,574.4813956567797,232.4610368114407,695.9729210805085,"Wheel"
"00064.jpg",784.3797007415254,579.6881620762712,922.359375,689.0305217161017,"Wheel"
"00065.jpg",278.8035230413003,196.20452911032123,346.081810503074,221.49492770265053,"Light"
"00065.jpg",206.93807961622383,226.08391075349803,268.9156410769463,302.7708977305957,"Wheel"
"00065.jpg",74.11442716794882,236.07768361581924,113.66590836240123,291.6553672316385,"Wheel"
"00065.jpg",131.6067912406027,198.2440771329201,149.54767411880414,216.5999937757934,"SideGlass"
"00065.jpg",117.74338032978146,197.42825481177726,202.55480969474706,270.44408024502343,"Door"
"00061.jpg",191.55619068387188,385.02148868539234,409.10559729081166,501.56382863535043,"Light"
"00061.jpg",401.76756991615775,461.85310734463275,629.6764438484288,735.5119039244571,"Wheel"
"00061.jpg",873.1245187686968,322.00225330072607,975.8562433749814,487.75141242937855,"Wheel"
"00061.jpg",665.0713673845122,188.1943436962063,770.3929258901861,290.9243003715903,"SideGlass"
"00061.jpg",644.3524327338496,100.14011628749006,831.6866494673716,536.9582316080729,"Door"
"00061.jpg",297.3093552408339,118.26893313995188,680.6106342363961,283.1547956736074,"Glass"
"00069.jpg",379.689270134475,247.52882734395692,503.83238711599574,298.11864406779665,"Light"
"00069.jpg",147.07155389300846,274.63052225921115,216.97740572769538,314.9819163090765,"Light"
"00069.jpg",184.4350236508357,213.80225988700565,225.4143264109581,247.5288273439569,"SideGlass"
"00069.jpg",532.1563318399835,186.09831427450234,587.598874654249,233.6768315633138,"SideGlass"
"00069.jpg",219.38796106255882,139.2725988700565,516.0075329566855,237.89265536723164,"Glass"
"00069.jpg",471.89267835599105,276.4372973253498,550.2354278851813,418.57062146892656,"Wheel"
"00069.jpg",600.8568600297199,262.58532451909815,671.9680355093574,396.2870240292307,"Wheel"
"00068.jpg",244.3404236430126,153.9186553955078,296.33268669910547,253.39661394539525,"Light"
"00068.jpg",336.44099635819634,214.79322789079052,435.47387836980175,348.4203465348583,"Wheel"
"00068.jpg",543.6672944118716,165.6728926836434,591.7214700193424,249.31355932203388,"Wheel"
"00068.jpg",532.5260951855659,90.07458004709018,567.1876038896278,122.24407157251392,"SideGlass"
"00068.jpg",470.63058170635884,47.51186629473153,564.7117818393376,226.17627496234442,"Door"
"00068.jpg",257.214690748912,53.45085312148272,448.3481832537476,125.70848212807866,"Glass"
"00068.jpg",257.214690748912,53.45085312148272,448.3481832537476,125.70848212807866,"Door"
"00066.jpg",156.47118463173476,77.16158359333618,191.51558209473686,92.94463611322604,"Light"
"00066.jpg",112.77519151877145,81.60056998904815,149.13376725501286,123.25027914101119,"Wheel"
"00066.jpg",37.15595763127849,71.68135760463564,57.74454448288641,100.3977384405621,"Wheel"
"00066.jpg",86.87519820295982,55.02147394385041,107.02572005999768,65.32429211287848,"SideGlass"
"00066.jpg",72.41938759156564,37.26553672316384,110.31113232215414,100.61695249740686,"Door"
"00066.jpg",47.66927519913204,37.703956474692134,79.4282603999777,94.47910106249448,"Door"
"00066.jpg",97.16948327352834,35.95028164965958,162.00163194845896,65.32429211287848,"Glass"
"00067.jpg",272.6101943193856,247.1864448159428,383.2542290121822,307.7966101694915,"Light"
"00067.jpg",204.9491442664195,280.4067837989936,280.88134765625,434.4406696901483,"Wheel"
"00067.jpg",146.3728772179555,142.64406365863346,197.89832163665255,183.32202976032838,"SideGlass"
"00067.jpg",203.72881355932202,90.44068417306673,434.77965274099574,175.59322033898303,"Glass"
"00067.jpg",129.559326171875,194.71187268273303,163.72881355932202,278.77966929290255,"Wheel"
"00067.jpg",162.64408434851694,95.4576291876324,201.6949152542373,295.0508557335805,"Door"
"00070.jpg",256.1017052601959,594.5763022212659,455.42374950344265,705.762701519465,"Light"
"00070.jpg",773.3898098185908,674.9152749271714,986.4406779661015,757.6271186440675,"Light"
"00070.jpg",954.4068417306673,505.762701519465,1058.8135800119173,576.2711864406779,"SideGlass"
"00070.jpg",243.89829473980402,424.4067693160752,353.7288342492055,509.83053950940143,"SideGlass"
"00070.jpg",343.898294739804,349.4915461136123,957.6271186440678,559.3220338983051,"Glass"
"00070.jpg",870.3389830508474,779.6610169491526,995.0848078323622,969.4915254237288,"Wheel"
"00070.jpg",211.3559528932733,699.6610479839777,325.2542269431938,907.11866475768,"Wheel"
"00075.jpg",286.90723537169777,99.05649749480925,329.38144329896903,127.08964750272732,"SideGlass"
"00075.jpg",287.7319650551707,75.9703619329779,395.36082474226794,219.43415829770197,"Door"
"00075.jpg",374.32990319950056,76.26666666666667,470.82475485260943,216.54837366052573,"Door"
"00075.jpg",437.4226678278028,161.71882725621128,494.32989690721644,240.4590168720967,"Wheel"
"00075.jpg",199.4845360824742,160.4820736446896,283.6082537149645,255.3000916627076,"Wheel"
"00075.jpg",110.82474226804122,134.92243085981488,208.96908474951672,169.96387230125632,"Light"
"00075.jpg",175.15463288297357,72.67234706019495,326.9072227871295,125.85289389120564,"Glass"
"00071.jpg",184.52353125503387,140.0001308757797,291.5495709005426,188.06324110671937,"Light"
"00071.jpg",21.573956676365174,139.7590278354087,60.141904192766305,196.17800384642106,"Light"
"00071.jpg",101.12034842894249,29.814358285293277,392.7904331310955,107.93292984189723,"Glass"
"00071.jpg",371.0959626531199,83.82225790513833,436.6615028560106,124.81040019762844,"SideGlass"
"00071.jpg",374.4706801295616,20.65229559133175,479.56831504299805,260.794611994928,"Door"
"00071.jpg",440.0361835511913,19.20565895412279,559.1147435768364,266.0989524630219,"Door"
"00071.jpg",525.8498447064272,175.92503574054703,604.9141812525627,292.1384855127146,"Wheel"
"00071.jpg",273.22981789900865,176.40724182128906,384.1126670086619,302.2649603681602,"Wheel"
"00074.jpg",185.72882183527543,120.40678379899364,251.35593220338984,227.79661016949152,"Wheel"
"00074.jpg",282.5423728813559,81.35593220338983,309.6610169491525,138.03390244306144,"Wheel"
"00074.jpg",146.94915254237287,67.79661016949152,213.5593220338983,139.11864199880824,"Light"
"00074.jpg",252.9830673993644,31.45762815313824,303.4237205376059,71.32203182931674,"SideGlass"
"00074.jpg",109.7966184454449,10.033897787837658,254.06779661016947,54.91525423728813,"Glass"
"00074.jpg",248.64406779661016,13.288134558726165,283.08473748675846,140.2033918994968,"Door"
"00073.jpg",145.0508557335805,81.89830715373411,211.22035139698093,148.0677924721928,"Light"
"00073.jpg",186.00000413797667,130.98304877846928,249.18645309189617,226.9830632613877,"Wheel"
"00073.jpg",248.64406779661016,37.96610169491525,300.7118561308263,74.0338962360964,"SideGlass"
"00073.jpg",109.52543614274364,15.186441712460274,248.37288549390888,62.101699053230924,"Glass"
"00073.jpg",244.57627118644066,15.186441712460274,279.016940876589,141.55932410288665,"Door"
"00073.jpg",286.6101694915254,74.3050888837394,312.64408434851697,133.42373088254766,"Wheel"
"00072.jpg",639.0244268878987,507.11867337846485,882.0562778494372,751.073490293686,"Wheel"
"00072.jpg",137.59098704268294,510.9604959434035,283.6022514071295,694.4068089716852,"Wheel"
"00072.jpg",488.21012400328334,336.15819209039546,596.7579957199813,401.46891922600526,"SideGlass"
"00072.jpg",380.6229112922139,279.49154740673,609.2457566252345,655.98872987564,"Door"
"00072.jpg",212.7579737335835,271.3276836158192,405.8386711421201,626.6949152542372,"Door"
"00072.jpg",840.7505056871483,431.2429525084415,1005.0131551946531,514.8022452316716,"Light"
"00072.jpg",530.4765551712007,276.6101621638584,875.3321045379926,394.7457846948656,"Glass"
"00076.jpg",90.3655176421919,31.98683995985447,201.48079755044813,64.83135209621344,"Glass"
"00076.jpg",63.59887878360767,49.533910203517834,96.2136866561475,67.75586165808198,"SideGlass"
"00076.jpg",108.35989439945526,91.60188184465682,162.56795094855613,162.6899987127548,"Wheel"
"00076.jpg",13.889407843435158,68.88067368815716,48.52858653332211,116.57270547967208,"Wheel"
"00076.jpg",43.80506606669547,42.33511149470968,101.8369293927923,127.14594886034055,"Door"
"00076.jpg",172.46486159720595,91.15195531629979,214.75163668030987,113.64820449943831,"Light"
"00079.jpg",514.9484793494099,206.74321160037658,654.4048734770386,272.5579085457272,"Light"
"00079.jpg",403.0459403097909,267.49525275509217,533.5051546391753,423.8754583584672,"Wheel"
"00079.jpg",175.86692516895357,269.18280468530384,247.84444935878196,358.62329302877856,"Wheel"
"00079.jpg",320.9466049351643,165.11683766881208,387.8631591796875,203.36810773995327,"SideGlass"
"00079.jpg",277.08529442855996,133.05326516124262,390.11246485473293,336.1225434035912,"Door"
"00079.jpg",358.05999841663254,136.42836902166593,558.2474312607999,199.43047226386807,"Glass"
"00079.jpg",207.63825521138418,137.4127939844775,300.1405810684161,319.6688530734633,"Door"
"00078.jpg",91.59322447695975,292.33899132680085,176.20340638241527,350.37287307997883,"Light"
"00078.jpg",399.11865234375,182.2373005495233,450.64407607256356,227.79661016949152,"SideGlass"
"00078.jpg",360.0678214380296,114.44069038003177,530.3729144597457,344.94914426641947,"Door"
"00078.jpg",196.8135510460805,95.4576291876324,410.50847457627117,220.7457668498411,"Glass"
"00078.jpg",525.491508871822,192.54237288135593,593.830525026483,281.4915336996822,"Wheel"
"00078.jpg",216.3390078787076,297.2203555349576,345.4237288135593,420.33898305084745,"Wheel"
"00080.jpg",59.3710404408129,80.7412467999647,127.72547082055974,120.22598870056498,"Light"
"00080.jpg",250.25713956808744,87.3220338983051,286.9660003275811,124.02259887005651,"Light"
"00080.jpg",58.04193231123914,23.602261818061443,204.62420499777494,66.37740692311088,"Glass"
"00080.jpg",22.91535003275811,50.87457723671434,54.05458860759494,73.14802646098164,"SideGlass"
"00080.jpg",29.4976246507862,121.11187019994705,97.09256329113927,218.55818822828394,"Wheel"
"00080.jpg",196.33306189428404,169.835024386476,275.57359526428996,207.54802259887006,"Wheel"
"00077.jpg",2164.4896376376523,959.101488946023,2894.197644534911,1332.377132451202,"Light"
"00077.jpg",1464.0764354645032,1252.3894146426173,2228.4057045161667,2060.2643169013336,"Wheel"
"00077.jpg",79.22925102140933,929.7727370601689,529.3045923149016,1511.016060371517,"Wheel"
"00077.jpg",1067.2646017601921,505.83833105128616,1480.0556045718135,764.4649767801857,"SideGlass"
"00077.jpg",1200.422989763941,226.6315789473684,2721.0917401300376,737.8024380804953,"Glass"
"00077.jpg",702.410496719775,204.5516640866873,1480.0556045718133,1503.017420813026,"Door"
"00077.jpg",254.99833334553654,196.55292281868287,902.1480787253984,1399.033479200428,"Door"
"00083.jpg",125.05296610169488,127.43644067796609,202.34110557426837,158.13560485839838,"Light"
"00083.jpg",61.23941065901417,117.45762905832063,97.5953506211103,144.40678741972323,"Light"
"00083.jpg",73.95127506579382,70.4237307532359,196.08050847457628,123.05085133698027,"Glass"
"00083.jpg",273.5275656490003,112.88135981155654,291.3241758184918,148.4745801505396,"Wheel"
"00083.jpg",208.44280436887578,144.66102082850568,246.32414478366655,206.18643679861293,"Wheel"
"00083.jpg",221.91736900200274,66.86440483998445,271.0805084745763,165.76272350246623,"Door"
"00081.jpg",258.453620831991,133.37547560913922,359.07218382530607,170.4850646502351,"Light"
"00081.jpg",486.907203910277,131.3138317735228,538.4535956628544,166.77409945448784,"Light"
"00081.jpg",177.21648855307666,149.86862629407074,272.06184937781893,270.6809519153752,"Wheel"
"00081.jpg",7.731958762886597,158.5275241120221,91.44329582293007,271.09327439086076,"Wheel"
"00081.jpg",98.0412434056862,86.36998986544674,159.896913508779,123.06725643105702,"SideGlass"
"00081.jpg",158.24742268041234,58.33163684688203,427.93818208360176,115.23300356407688,"Light"
"00081.jpg",395.15465805211,84.01198630136986,425.6701282619199,112.03744932723373,"SideGlass"
"00082.jpg",254.84747417902543,229.96610997086864,341.084770590572,290.1694915254237,"Light"
"00082.jpg",544.4745597192797,222.91526665121822,587.8643902277543,279.8644191935911,"Light"
"00082.jpg",595.4576602224577,233.89830508474574,638.3050847457628,313.6271434719279,"Wheel"
"00082.jpg",202.2372798596398,120.94914840439618,477.7627201403601,195.7966225834216,"Glass"
"00082.jpg",137.694919392214,170.84745762711864,194.64409262447032,203.38983050847455,"SideGlass"
"00082.jpg",184.33899960275423,276.0678048861229,271.6610252251059,412.20338983050846,"Wheel"
"00082.jpg",60.67796610169491,264.6779619637182,128.47457627118644,370.98305912341095,"Wheel"
"00082.jpg",99.18645309189618,130.71187682070973,200.06782143802965,361.7627366922669,"Wheel"
"00085.jpg",321.01694915254234,207.1864448159428,442.5084828522245,273.89830508474574,"Light"
"00085.jpg",589.8305084745763,195.7966225834216,618.7797106726695,259.66101694915255,"Light"
"00085.jpg",225.55933030985167,248.40677552304024,328.6101777674788,397.01697398040255,"Wheel"
"00085.jpg",18.91525009931144,221.83051675052965,98.64406779661016,338.9830508474576,"Wheel"
"00085.jpg",151.7966060315148,148.0677924721928,219.0508722854873,184.40677966101694,"SideGlass"
"00085.jpg",116.00000413797669,88.40678586798198,227.18646550582628,330.30509302171606,"Door"
"00085.jpg",212.13560977224574,87.86441091763771,506.1016949152542,180.06780074814617,"Glass"
"00085.jpg",212.13560977224574,87.86441091763771,506.1016949152542,180.06780074814617,"Light"
"00085.jpg",580.2712029925847,114.98305498543432,607.9322530455507,156.7457709878178,"Light"
"00085.jpg",438.7118892346398,65.62712071305614,583.728813559322,114.44069038003178,"Glass"
"00085.jpg",3.7288135593220337,79.18644274695444,46.57627946239407,105.76271186440677,"SideGlass"
"00084.jpg",222.84746590307202,253.28813973119702,323.18644895391947,363.3898305084746,"Light"
"00084.jpg",306.372897907839,315.6610417770127,421.8982968087924,472.40677138506356,"Wheel"
"00084.jpg",534.1695080773305,246.77966101694915,587.8643902277543,330.30509302171606,"Wheel"
"00084.jpg",416.47456799523303,144.81356346001058,499.45763539459745,203.38983050847457,"SideGlass"
"00084.jpg",142.3728813559322,72.13559942730402,436.1355849443855,195.93220338983048,"Glass"
"00084.jpg",414.8474741790254,79.18644274695444,509.76272841631356,365.01696570444915,"Door"
"00087.jpg",101.01556565231994,106.80083868476781,178.74677732086894,144.60674157303373,"Light"
"00087.jpg",171.48134423553552,132.04129079754432,247.46186635554562,217.92893124698253,"Wheel"
"00087.jpg",377.7141518275539,128.88624264149183,435.48734770384254,202.5042067967104,"Wheel"
"00087.jpg",260.7671924079816,72.7963550010424,296.83168294347104,96.63455457365914,"SideGlass"
"00087.jpg",253.76438078661332,38.090731674365784,342.7000937207123,187.0795090921809,"Door"
"00087.jpg",320.29109118961236,41.94690610049816,401.5237220256487,182.87275147170163,"Door"
"00087.jpg",98.65210604466562,37.7401752257615,274.42268041237116,96.28398475218356,"Glass"
"00086.jpg",423.7113745277355,447.37464134846255,476.5698219306467,522.7752186253165,"SideGlass"
"00086.jpg",375.3514526710403,344.964829657785,690.2530459231491,757.9801716935743,"Door"
"00086.jpg",611.5276476101219,323.582592418799,881.4432989690722,766.9831782816382,"Door"
"00086.jpg",783.5989096730026,630.8119416309788,993.9081537019681,862.6406706363782,"Wheel"
"00086.jpg",139.73757342523578,635.3134878549371,356.7947773812749,852.5122130974352,"Wheel"
"00086.jpg",1067.8538471711722,737.1605311402485,1279.2877225866919,874.9847094801223,"Wheel"
"00086.jpg",439.45647135111597,777.1116358205812,649.7657153800815,859.5107033639143,"Wheel"
"00086.jpg",1050.1405810684162,492.3899318683402,1158.1069102550962,627.4357604980469,"Light"
"00090.jpg",31.747879416255614,99.47033898305084,88.98305084745763,131.50424310716528,"Light"
"00090.jpg",189.3750077587063,62.542378700385655,225.47669491525423,89.49152736340538,"SideGlass"
"00090.jpg",179.9682164596299,46.27118838035454,244.54449152542372,153.305092504469,"Door"
"00090.jpg",99.94703389830507,41.56779758000777,206.7266949152542,81.35593220338983,"Glass"
"00090.jpg",259.03600919044624,108.55932397357488,284.45973800400554,145.42374045161876,"Wheel"
"00090.jpg",95.30721114853681,136.525435366873,164.45974576271186,207.20338983050846,"Wheel"
"00089.jpg",428.5830905720339,385.3017081567797,592.5965969279661,568.406779661017,"Wheel"
"00089.jpg",851.6338718220339,380.3118710275424,955.6610169491526,528.7051112288136,"Wheel"
"00089.jpg",592.5965969279661,288.976264565678,682.8474576271186,339.30849443855936,"SideGlass"
"00089.jpg",585.6542637711865,225.6271186440678,774.8338850635594,498.98305084745766,"Door"
"00089.jpg",727.1050715042372,236.04068458686442,884.1762447033898,491.1728681144068,"Door"
"00089.jpg",251.5525688559322,358.3999933792373,407.7559586864407,421.749172404661,"Light"
"00089.jpg",284.20338983050846,223.67458951271186,633.1661149364406,337.35593220338984,"Glass"
"00088.jpg",996.9865412307997,654.5898137496689,1664.7558986857784,975.2949487718485,"Light"
"00088.jpg",955.2509144928495,1056.5695418018404,1284.7424399165782,1302.589897543697,"Light"
"00088.jpg",1374.8034233481196,1080.732220148636,1849.2711864406779,1783.6475581799523,"Wheel"
"00088.jpg",2154.600201105667,720.4881188344146,2380.8507804224046,1102.6983218435512,"Wheel"
"00088.jpg",1882.2203389830506,445.91188954498807,2161.189763473252,628.230558750993,"SideGlass"
"00088.jpg",1855.8610839843748,246.02035574185643,2200.7288135593217,1274.0338983050847,"Door"
"00088.jpg",831.142406398967,193.8508642164327,1920.6610169491519,648.5491860599841,"Glass"
"00088.jpg",522.5186943442134,393.1932119595802,678.4780666545284,542.5627286232124,"Light"
"00088.jpg",252.6101694915254,200.9898221290717,754.2610504667637,381.1118727861824,"Glass"
"00093.jpg",97.3549115030389,94.29153015653965,139.94889331043214,143.50508790096993,"Wheel"
"00093.jpg",213.14440096231328,90.15593693620066,245.40002112998098,133.16610485012245,"Wheel"
"00093.jpg",166.20830127171106,65.34237761416676,186.26468593912912,83.95254710569219,"SideGlass"
"00093.jpg",161.65941962622162,52.93559795314982,222.65566022772538,123.24067481089446,"Door"
"00093.jpg",89.49776233587049,53.555935358597054,166.41506503399154,78.16271028680316,"Glass"
"00092.jpg",315.688860963859,137.75890011398644,422.3055295220244,189.04942278616042,"Light"
"00092.jpg",231.56512903072283,86.01846750167364,391.2652227514351,132.80982212060303,"Glass"
"00092.jpg",197.37582005623244,106.7146508443772,246.86035613870666,131.01014803411957,"SideGlass"
"00092.jpg",101.55576725596006,162.5043244068317,145.1921343244787,226.84242413563655,"Wheel"
"00092.jpg",245.06091159867037,172.8524246596655,330.0843486410497,272.28404893414944,"Wheel"
"00092.jpg",163.18651108174205,83.76888347505134,247.3102086933283,226.84242413563652,"Door"
"00091.jpg",49.28814386917373,225.62713105799787,155.0508557335805,329.76272841631356,"Light"
"00091.jpg",399.6610169491525,226.16949566340043,494.0339065810381,316.20340638241527,"Light"
"00091.jpg",97.01695329051907,117.69491939221398,134.44069038003178,150.77965687897245,"SideGlass"
"00091.jpg",408.33897477489404,118.77966929290254,450.6440760725635,147.52542786679024,"SideGlass"
"00091.jpg",126.84746176509533,68.88136007018008,413.76270358845335,152.94915668034957,"Glass"
"00091.jpg",504.3389996027542,100.33898305084745,533.0847788665254,120.40678379899363,"Light"
"00094.jpg",212.00638649680397,177.58202514419327,349.3169724411683,246.58743504933767,"Light"
"00094.jpg",625.7061098307902,123.3213599837936,748.8730841710842,188.19823686067048,"Light"
"00094.jpg",124.78762436985635,219.45709121979033,296.2785469491345,424.7039335668982,"Wheel"
"00094.jpg",613.9197930547826,175.8126602745629,784.2320344991067,369.8535101148817,"Wheel"
"00094.jpg",21.657363820098332,263.6913254540246,143.0564288610371,441.8078464702801,"Wheel"
"00094.jpg",447.7326995363387,333.87634193718253,567.3638327973069,391.08593354783613,"Wheel"
"00094.jpg",144.82437188131516,61.98322409552497,613.9197930547826,179.35139001382365,"Glass"
"00094.jpg",59.3735752552608,158.708747371181,136.57394114586384,206.48173384337096,"SideGlass"
"00095.jpg",227.20898986644798,298.33242226817123,283.8313100398313,363.5790407145681,"SideGlass"
"00095.jpg",232.96721239456417,196.62442484662577,442.181862113402,556.4403757668712,"Door"
"00095.jpg",530.4742414479849,185.11030709670365,818.3842695641986,303.1299682804412,"Glass"
"00095.jpg",808.7872686269915,276.2636813298325,870.2080892689784,435.5422308986172,"Light"
"00095.jpg",1165.7957474226803,285.8587733543724,1202.2643802717898,415.3925156856607,"Light"
"00095.jpg",572.7010602155576,412.513995398773,754.0843925726335,644.7152663154836,"Wheel"
"00095.jpg",117.80320114807871,461.44898668534915,269.4358086340206,643.7556985492355,"Wheel"
"00095.jpg",918.193093955014,497.9103290581264,1108.2137417994377,637.0391634139546,"Wheel"
"00097.jpg",26.80635654225069,30.01581870903403,40.83324329792953,46.00678266105005,"Wheel"
"00097.jpg",65.60972088725627,18.546892155361714,73.14753601330669,29.81920903954802,"Wheel"
"00097.jpg",51.45173369335527,16.122035398321636,58.334086634531744,20.840677466096174,"SideGlass"
"00097.jpg",30.80467486982586,14.155933703406381,48.96097539052242,22.151411929373012,"Glass"
"00098.jpg",301.3533834586466,180.2678002826238,387.3308454241071,265.4678039550781,"Light"
"00098.jpg",80.2030038475094,153.55254971779,122.54886483787593,244.04746129957294,"Light"
"00098.jpg",398.278184474859,201.2067759885626,471.9022593103853,354.27795875678623,"Wheel"
"00098.jpg",541.1954997356672,131.4101658190711,578.2481166294642,225.2745725987321,"Wheel"
"00098.jpg",469.01504860784775,82.31186624300682,528.2030332178101,123.7084782487255,"SideGlass"
"00098.jpg",463.7218228677161,37.54576822054588,536.8647020382988,267.1525423728813,"Door"
"00098.jpg",212.93233082706766,43.562717373088255,475.63158996123116,124.91186807923398,"Glass"
"00096.jpg",145.9793905957123,113.74009786603138,211.6588703359302,153.02157573349237,"Light"
"00096.jpg",118.08809746954077,67.86174088927274,259.0440487347704,114.33981726833922,"Glass"
"00096.jpg",75.80131666617854,97.84759661770272,110.89034219042878,123.63542796867404,"SideGlass"
"00096.jpg",104.2924131985122,128.43317174844054,160.97470456009842,202.79810310590386,"Wheel"
"00096.jpg",38.01311861161551,110.14179289088054,67.7038448373067,166.81507623178788,"Wheel"
"00096.jpg",341.2183967168463,85.25353492402289,377.8069536375352,102.94519437927505,"Light"
"00101.jpg",69.42372881355932,309.1525423728813,250.25086069915255,440.6237420550847,"Light"
"00101.jpg",772.2305349576271,288.1084811970339,937.1118908898305,426.95593882415255,"Light"
"00101.jpg",195.1457560911017,95.45762711864407,803.4711996822034,483.3627515889831,"Glass"
"00101.jpg",157.83050847457628,38.18305581302966,189.07120630296612,69.42372881355932,"Wheel"
"00101.jpg",77.99321371822033,40.78644729872882,96.21696239406779,66.82034560381356,"Wheel"
"00101.jpg",0,37.31525589247882,13.776284427966102,62.481362552966104,"Wheel"
"00101.jpg",244.61016949152543,21.694915254237287,262.8338850635593,45.993230270127114,"Wheel"
"00101.jpg",134.3999933792373,35.579664327330505,151.75592558262713,53.80339645127118,"Light"
"00099.jpg",198.41680927641073,187.82147553007482,292.837171615309,235.8587570621469,"Light"
"00099.jpg",28.20023554905205,224.17400799767447,79.30851249937798,262.25762051512294,"Light"
"00099.jpg",108.76073849428991,149.3050847457627,132.58239454524534,182.62825188933118,"SideGlass"
"00099.jpg",335.283044705725,108.19209039548024,395.48687297067823,145.41017939680717,"SideGlass"
"00099.jpg",418.0091857910156,175.27118644067798,486.44225393890576,268.74914593885177,"Wheel"
"00099.jpg",292.837171615309,209.89265536723164,364.3021397681752,337.9920837919591,"Wheel"
"00099.jpg",119.69705083567625,80.06214689265538,334.958184114687,180.24802920239122,"Glass"
"00100.jpg",55.271192647643005,277.8305208885063,127.67798472259004,346.98306326138766,"Wheel"
"00100.jpg",336.35593220338984,285.1525361659163,400.22032656912074,346.16948531845867,"Wheel"
"00100.jpg",398.186428264036,54.10169957047802,433.16950393935383,104.13560253078654,"Wheel"
"00100.jpg",459.20337741657835,45.559325137380824,479.99999999999994,93.5593220338983,"Wheel"
"00100.jpg",432.35595703125,26.440677966101696,451.47458868511654,45.15254392462262,"SideGlass"
"00100.jpg",356.6949152542373,16.677967653436173,433.16950393935383,42.30508319402145,"Glass"
"00100.jpg",367.67798472259005,50.44067641436043,394.5254361427437,65.49152697547007,"Light"
"00100.jpg",309.5084807832362,49.62712174755031,324.9661203158104,63.050847457627114,"Light"
"00100.jpg",116.69491525423729,181.83051157805878,207.40679207494702,323.79660396252643,"Door"